{"cameraMode":{"drawMode":0,"name":"Shaded","section":"Shading Mode"},"sceneLighting":true,"audioPlay":false,"sceneViewState":{"showFog":true,"showMaterialUpdate":true,"showSkybox":true,"showFlares":true,"showImageEffects":true,"showParticleSystems":true},"in2DMode":false,"pivot":{"x":0.000002480810508131981,"y":0.14591306447982789,"z":-0.21265360713005067},"rotation":{"x":-0.04525807872414589,"y":0.9373283982276917,"z":0.3188513219356537,"w":0.13304731249809266},"size":1.2573459148406983,"orthographic":false}